Id,Tag
1,r
2,regression
3,time-series
4,machine-learning
5,probability
6,hypothesis-testing
7,distributions
8,self-study
9,logistic
10,correlation
11,statistical-significance
12,bayesian
13,classification
14,anova
15,normal-distribution
16,clustering
17,data-visualization
18,confidence-interval
19,mathematical-statistics
20,estimation
21,multiple-regression
22,mixed-model
23,categorical-data
24,spss
25,repeated-measures
26,pca
27,variance
28,generalized-linear-model
29,sampling
30,t-test
31,data-mining
32,svm
33,multivariate-analysis
34,modeling
35,cross-validation
36,forecasting
37,chi-squared
38,predictive-models
39,maximum-likelihood
40,matlab
41,data-transformation
42,nonparametric
43,neural-networks
44,survival
45,dataset
46,interaction
47,model-selection
48,poisson
49,binomial
50,p-value
51,linear-model
52,econometrics
53,stata
54,multiple-comparisons
55,references
56,feature-selection
57,bootstrap
58,interpretation
59,mean
60,standard-deviation
61,optimization
62,sample-size
63,experiment-design
64,least-squares
65,random-forest
66,python
67,conditional-probability
68,arima
69,factor-analysis
70,prediction
71,survey
72,standard-error
73,missing-data
74,sas
75,panel-data
76,simulation
77,covariance
78,autocorrelation
79,multilevel-analysis
80,mcmc
81,random-variable
82,pdf
83,outliers
84,ordinal
85,inference
86,algorithms
87,goodness-of-fit
88,residuals
89,random-effects-model
90,expected-value
91,lmer
92,regression-coefficients
93,nonlinear-regression
94,cart
95,text-mining
96,heteroscedasticity
97,multinomial
98,monte-carlo
99,stochastic-processes
100,proportion
101,normalization
102,error
103,spatial
104,likert
105,lasso
106,model
107,terminology
108,sample
109,kernel
110,independence
111,power-analysis
112,markov-process
113,multicollinearity
114,matrix
115,cox-model
116,aic
117,k-means
118,assumptions
119,meta-analysis
120,summary-statistics
121,normality
122,random-generation
123,fitting
124,dimensionality-reduction
125,sem
126,binary-data
127,excel
128,effect-size
129,reliability
130,computational-statistics
131,roc
132,books
133,ancova
134,count-data
135,bias
136,r-squared
137,hidden-markov-model
138,logit
139,prior
140,group-differences
141,power
142,robust
143,fixed-effects-model
144,standardization
145,basic-concepts
146,ranking
147,naive-bayes
148,scales
149,negative-binomial
150,biostatistics
151,glmm
152,large-data
153,histogram
154,curve-fitting
155,distance-functions
156,kolmogorov-smirnov
157,gamma-distribution
158,discrete-data
159,average
160,convergence
161,psychometrics
162,post-hoc
163,mixed-effect
164,small-sample
165,continuous-data
166,quantiles
167,pattern-recognition
168,mixture
169,exponential
170,longitudinal
171,posterior
172,skewness
173,causal-inference
174,graphical-model
175,descriptive-statistics
176,validation
177,stationarity
178,entropy
179,epidemiology
180,lognormal
181,distance
182,libsvm
183,uniform
184,regularization
185,arma
186,software
187,autoregressive
188,likelihood-ratio
189,data-imputation
190,cdf
191,gaussian-process
192,contingency-tables
193,permutation
194,finance
195,central-limit-theorem
196,jags
197,median
198,pearson
199,measurement-error
200,svd
201,wilcoxon
202,population
203,variance-covariance
204,likelihood
205,manova
206,unbiased-estimator
207,discriminant-analysis
208,garch
209,bayes
210,mann-whitney-u-test
211,ridge-regression
212,information-theory
213,approximation
214,probit
215,lme
216,smoothing
217,joint-distribution
218,cointegration
219,multiple-imputation
220,trend
221,binary
222,gee
223,recommender-system
224,proof
225,k-nearest-neighbour
226,genetics
227,conditional-expectation
228,unsupervised-learning
229,similarities
230,unbalanced-classes
231,scikit-learn
232,degrees-of-freedom
233,hierarchical-bayesian
234,lme4
235,moments
236,kalman-filter
237,odds-ratio
238,expectation-maximization
239,signal-processing
240,seasonality
241,image-processing
242,measurement
243,non-independent
244,boosting
245,weka
246,predictor
247,asymptotics
248,bugs
249,poisson-regression
250,gaussian-mixture
251,contrasts
252,gibbs
253,resampling
254,latent-variable
255,zero-inflation
256,precision-recall
257,model-comparison
258,frequency
259,fishersexact
260,caret
261,notation
262,inter-rater
263,weighted-sampling
264,methodology
265,gam
266,likelihood-function
267,mutual-information
268,splines
269,instrumental-variables
270,paired-comparisons
271,parametric
272,markov-chain
273,cross-correlation
274,order-statistics
275,censoring
276,ggplot2
277,marginal
278,logarithm
279,var
280,glmnet
281,graph-theory
282,multidimensional-scaling
283,dirichlet-distribution
284,multivariate-regression
285,teaching
286,interpolation
287,estimators
288,frequentist
289,intraclass-correlation
290,nested
291,stepwise-regression
292,spearman
293,kruskal-wallis
294,bioinformatics
295,prediction-interval
296,kullback-leibler
297,uncertainty
298,extreme-value
299,theory
300,intuition
301,matrix-decomposition
302,networks
303,mediation
304,f-test
305,scatterplot
306,matching
307,lm
308,change-point
309,metropolis-hastings
310,hazard
311,linear-algebra
312,sums-of-squares
313,deep-learning
314,bivariate
315,natural-language
316,t-distribution
317,confirmatory-factor
318,auc
319,feature-construction
320,nonlinear
321,bayes-network
322,decision-theory
323,polynomial
324,weighted-mean
325,weighted-regression
326,multi-class
327,bernoulli-distribution
328,hierarchical
329,boxplot
330,performance
331,bic
332,supervised-learning
333,loss-functions
334,unit-root
335,eigenvalues
336,information-retrieval
337,error-propagation
338,online
339,nlp
340,poisson-process
341,quantile-regression
342,copula
343,sparse
344,eda
345,games
346,randomness
347,overfitting
348,java
349,learning
350,winbugs
351,bonferroni
352,topic-models
353,gradient-descent
354,parameterization
355,diagnostic
356,aggregation
357,kurtosis
358,reporting
359,weibull
360,definition
361,confounding
362,glmer
363,clinical-trials
364,randomization
365,confidence
366,pymc
367,best-practices
368,genetic-algorithms
369,scores
370,paired-data
371,metric
372,density
373,ensemble
374,ab-test
375,irt
376,conjugate-prior
377,hypergeometric
378,probability-inequalities
379,beta-distribution
380,interval
381,association-measure
382,bounds
383,exponential-smoothing
384,combination
385,gbm
386,consistency
387,type-i-errors
388,nominal
389,mathematics
390,integral
391,tukey-hsd
392,multivariate
393,stratification
394,partitioning
395,rank-correlation
396,rating
397,kernel-trick
398,rbm
399,qq-plot
400,z-test
401,scipy
402,fisher
403,power-law
404,classification-tree
405,empirical
406,rpart
407,pls
408,kernel-density-estimate
409,point-process
410,propensity-scores
411,kaplan-meier
412,psychology
413,train
414,exponential-family
415,nlme
416,pareto-distribution
417,dice
418,overdispersion
419,equivalence
420,maximum
421,cross-section
422,treatment-effect
423,fdr
424,beta
425,lags
426,deviance
427,state-space-models
428,mixed
429,spearman-rho
430,threshold
431,history
432,granger-causality
433,gls
434,importance
435,truncation
436,nonparametric-bayes
437,case-control-study
438,social-network
439,maximum-entropy
440,traminer
441,statistical-learning
442,mse
443,kde
444,education
445,composite
446,kappa
447,partial-correlation
448,validity
449,code
450,non-stationary
451,coefficient
452,big-list
453,function
454,method-of-moments
455,method-comparison
456,intervention-analysis
457,fourier-transform
458,covariate
459,filter
460,binning
461,ranks
462,microarray
463,tobit-regression
464,arithmetic
465,scoring
466,association-rules
467,deep-belief-networks
468,out-of-sample
469,density-function
470,risk
471,observational-study
472,combinatorics
473,random-walk
474,elastic-net
475,amos
476,calibration
477,sequential-analysis
478,matrix-inverse
479,philosophical
480,clustered-standard-errors
481,finite-population
482,generalized-moments
483,wavelet
484,application
485,cohens-d
486,delta-method
487,relative-risk
488,split-plot
489,sequence-analysis
490,point-estimation
491,rms
492,pooling
493,minimum
494,difference-in-difference
495,link-function
496,log-linear
497,forecast
498,spatio-temporal
499,dirichlet-process
500,variogram
501,centering
502,lsa
503,minitab
504,rjags
505,accuracy
506,multivariable
507,ordered-variables
508,quality-control
509,iid
510,correspondence-analysis
511,white-noise
512,regression-strategies
513,coefficient-of-variation
514,beta-binomial
515,queueing
516,fisher-information
517,self-organizing-maps
518,ratio
519,dataframe
520,shrinkage
521,rare-events
522,mode
523,signal-detection
524,computing
525,communication
526,statistical-control
527,mcnemar-test
528,hyperparameter
529,ecology
530,big-data
531,residual-analysis
532,structural-change
533,loess
534,identifiability
535,latent-class
536,canonical-correlation
537,time-varying-covariate
538,cluster-sample
539,endogeneity
540,intercept
541,error-message
542,hausman
543,data-cleaning
544,reinforcement-learning
545,bayesian-network
546,importance-sampling
547,credible-interval
548,dynamic-regression
549,euclidean
550,vif
551,convolution
552,segmentation
553,mgcv
554,quadratic-form
555,moving-average
556,variability
557,jmp
558,em-algorithm
559,wishart
560,dlm
561,generalized-least-squares
562,particle-filter
563,growth-model
564,sufficient-statistics
565,nls
566,numerical-integration
567,spectral-analysis
568,control-chart
569,path-model
570,meta-regression
571,census
572,mgf
573,z-statistic
574,fuzzy
575,offset
576,package
577,tables
578,careers
579,rotation
580,web
581,programming
582,numerics
583,generative-models
584,confusion-matrix
585,beta-regression
586,students-t
587,replication
588,univariate
589,levenes-test
590,sample-mean
591,rule-of-thumb
592,volatility-forecasting
593,directional-statistics
594,f-distribution
595,sensitivity
596,c++
597,clogit
598,bagging
599,functional-data-analysis
600,dendrogram
601,barplot
602,sensitivity-analysis
603,subset
604,gini
605,rejection-sampling
606,marketing
607,piecewise-linear
608,ordered-logit
609,artificial-intelligence
610,efficiency
611,computer-vision
612,blocking
613,mice
614,model-based-clustering
615,curves
616,numpy
617,change-scores
618,discriminant
619,constrained-regression
620,eviews
621,percentage
622,sphericity
623,odds
624,untagged
625,geometry
626,adjustment
627,anderson-darling
628,biplot
629,vecm
630,information
631,lars
632,conditioning
633,frailty
634,effects
635,type-ii-errors
636,inferential-statistics
637,polling
638,reproducible-research
639,homogeneity
640,optimal-scaling
641,rapidminer
642,dependence
643,chow-test
644,conjoint-analysis
645,summations
646,random-matrix
647,geostatistics
648,social-science
649,non-response
650,stan
651,business-intelligence
652,interactive-visualization
653,real-time
654,multiarmed-bandit
655,geometric-distribution
656,kendall-tau
657,within-subjects
658,mathematica
659,mad
660,profile-likelihood
661,inverse-gamma
662,interval-censoring
663,2sls
664,fat-tails
665,multilabel
666,augmented-dickey-fuller
667,ica
668,incidence-rate-ratio
669,arch
670,parallel-computing
671,sql
672,discontinuity
673,mplus
674,high-dimensional
675,demography
676,dispersion
677,library
678,logrank
679,umvue
680,errors-in-variables
681,e1071
682,scale-invariance
683,open-source
684,units
685,compression
686,c#
687,trimmed-mean
688,paradox
689,macroeconomics
690,synthetic-data
691,control
692,oversampling
693,partial
694,penalized
695,quasi-likelihood
696,non-central
697,fraud
698,quasi-monte-carlo
699,hotelling
700,average-precision
701,project-management
702,failure
703,funnel-plot
704,matplotlib
705,uninformative-prior
706,index-decomposition
707,zipf
708,latex
709,resources
710,tolerance-interval
711,simpsons-paradox
712,sentiment-analysis
713,autoencoders
714,compositional-data
715,churn
716,database
717,representative
718,specificity
719,robust-standard-error
720,cost-maximization
721,noise
722,optimal-stopping
723,pie-chart
724,neweywest
725,underdetermined
726,publication-bias
727,presentation
728,gis
729,repeatability
730,sign-test
731,chemometrics
732,segmented-regression
733,growth-mixture-model
734,ergodic
735,circular-statistics
736,igraph
737,two-step-estimation
738,open-bugs
739,operations-research
740,journals
741,sweave
742,poisson-binomial
743,capture-mark-recapture
744,data-generating-process
745,climate
746,checking
747,correlated-predictors
748,moderator
749,k-medoids
750,twin
751,jackknife
752,abc
753,tost
754,moving-window
755,rayleigh
756,case-cohort
757,science
758,valuation
759,prediction-limit
760,back-transformation
761,qualitative
762,search-theory
763,fractal
764,fuzzy-set
765,data-association
766,academia
767,mlogit
768,fractional-factorial
769,agreement-statistics
770,plm
771,exact-test
772,media
773,gumbel
774,non-nested
775,statistical-bias
776,gnuplot
777,cholesky
778,pivot
779,updating
780,disease
781,dyadic-data
782,javascript
783,gllamm
784,crossover-study
785,continuous
786,radial-basis
787,cauchy
788,sandwich
789,semi-supervised
790,nnet
791,heavy-tailed
792,coverage-probability
793,neyman-pearson-lemma
794,job
795,csv-file
796,ruby
797,value-of-information
798,counterbalancing
799,gwas
800,cramers-v
801,internet
802,neuroimaging
803,suppressor
804,life-expectancy
805,data-management
806,ward
807,determinant
808,deming-regression
809,environmental-data
810,quasi-binomial
811,linear-dynamical-system
812,heterogeneity
813,dag
814,benchmark
815,mixed-design
816,choice
817,elicitation
818,rasch
819,interarrival-time
820,confidence-distribution
821,fisher-transform
822,planned-comparisons-test
823,general-additive-model
824,underdispersion
825,e-m
826,conferences
827,splus
828,courses
829,elections
830,regression-to-the-mean
831,knowledge-discovery
832,bradley-terry-model
833,absolute-risk
834,gretl
835,yates-correction
836,latin-square
837,age
838,lrt
839,ecm
840,vowpal-wabbit
841,f-statistic
842,explanatory
843,martingale
844,laplace-distribution
845,dunn-test
846,fiducial
847,na
848,rlm
849,exploratory-analysis
850,parallel-analysis
851,starting-values
852,stacking
853,spatial-interaction-model
854,semiparametric
855,variational-bayes
856,singular
857,humor
858,pmml
859,quotation
860,gpu
861,musical-data-analysis
862,information-geometry
863,topologies
864,max-margin
865,phd
866,discussion
867,imputation
868,hac
869,wlln
870,recursive-model
871,competing-risks
872,familywise-error
873,time-complexity
874,causality
875,cochran-mantel-haenszel
876,variance-decomposition
877,impulse-response
878,mfcc
879,automatic-algorithms
880,error-in-variables
881,non-inferiority
882,coda
883,polr
884,gamm4
885,optimal
886,pcoa
887,population-ecology
888,point-mass-at-zero
889,test-for-trend
890,cv.glm
891,breusch-pagan
892,blog
893,dummy-variables
894,sources
895,perl
896,timelines
897,bernoulli-process
898,age-period-cohort
899,puzzle
900,monitoring
901,pc-sas
902,engineering-statistics
903,gui
904,transportation
905,google-spreadsheet
906,pivot-table
907,calc
908,politics
909,signed-rank-test
910,ode
911,blue
912,irls
913,extremal-dependence
914,inverse-gaussian-distrib
915,machine
916,ecdf
917,manifold-learning
918,multicore
919,local-statistics
920,lifetable
921,bayesian-score
922,systematic
923,kriging
924,heuristic
925,cochran-q
926,partial-plot
927,jeffreys-prior
928,unit-information-prior
929,car
930,probabilistic-programming
931,consulting
932,structure-learning
933,stochastic-approximation
934,referee
935,protovis
936,minimum-variance
937,lorenz-curve
938,geomarketing
939,risk-difference
940,test-equating
941,ram
942,down-sample
943,anosim
944,cumulants
945,xorshift
946,missing
947,monotone-likelihood-ratio
948,cochran-armitage-test
949,contextual-bandit
950,rhadoop
951,astronomy
952,taylor-series
953,nonparametric-regression
954,pitch-game
955,ronald-fisher
956,np
957,theta-method
958,disaggregation
959,record-linkage
960,apriori
961,statsmodels
962,plyr
963,nlmer
964,rocr
965,population-average
966,rmr
967,variance-test
968,tweedie-distribution
969,php
970,nonparametric-density
971,in-sample
972,range
973,explanatory-models
974,runs
975,naive
976,google-trends
977,comorbidity
978,mancova
979,multiple-membership
980,relabelling
981,pac
982,data-acquisition
983,gambling
984,canonical
985,personal-musings
986,pharmacy
987,roxygen2
988,gmm
989,nnt
990,duan-smearing
991,subject-specific
992,chi-distribution
993,car.normal
994,improper-probability
995,flexmix
996,clpc
997,rademacher
998,collecting-data
999,run-length
1000,contrast
1001,vector-fields
1002,image
1003,gradient
1004,package-development
1005,toeplitz
1006,qsar
1007,double-blind
1008,fortran
1009,message-passing
1010,forestry
1011,novelty-detection
1012,largest-value
1013,taguchi
1014,edgeworth
1015,superiority
1016,latent-semantic-indexing
1017,blup
1018,scalability
1019,lilliefors
1020,gmmboost
1021,pca-regression
1022,visual-summary
1023,interquartile
1024,standard
1025,zero-inflated
1026,ggplot
1027,geobugs
1028,marginal-model
1029,clara
1030,concordance
1031,glmmlasso
1032,generilzed-linear-model
