Id,TagName,ExcerptPostId,WikiPostId
1,bayesian,20258,20257
2,prior,62158,62157
3,elicitation,,
4,normality,67815,67814
5,open-source,,
6,distributions,8046,8045
9,machine-learning,9066,9065
10,dataset,20490,20489
11,sample,28276,28275
12,population,69287,69286
15,measurement,66319,66318
16,scales,,
17,interpolation,64387,64386
18,multivariable,,
21,anova,9251,9250
23,census,63450,63449
26,frequentist,87156,87155
27,pdf,40526,40525
28,cdf,40912,40911
30,time-series,3017,3016
33,standard-deviation,28218,28217
37,algorithms,21863,21862
38,hypothesis-testing,3019,3018
39,p-value,28336,28335
41,r,2331,2254
44,poisson,28212,28211
46,overdispersion,67696,67695
47,correlation,8556,8555
48,teaching,,
50,logit,28194,28193
52,transportation,,
54,data-visualization,20484,20483
55,clustering,3015,3014
58,pattern-recognition,68772,68771
59,random-variable,33480,33479
60,error,63555,63554
62,neural-networks,50760,50759
67,statistical-bias,,
72,nonparametric,20492,20491
74,forecasting,3190,3189
75,garch,62398,62397
76,volatility-forecasting,,
77,ordinal,38335,38334
78,summary-statistics,26936,26935
79,signal-processing,38369,38368
82,blog,,
85,multiple-comparisons,9286,9285
86,power,28979,28978
87,methodology,90673,90672
88,theory,,
89,definition,,
93,k-nearest-neighbour,68858,68857
94,classification,20262,20261
102,library,,
109,pca,8579,8578
110,scores,,
111,regression,8172,8171
113,mcmc,28332,28331
117,polling,,
118,kde,21498,21497
119,kernel,65955,65954
120,count-data,38519,38518
121,epidemiology,26618,26617
122,outliers,33482,33481
124,seasonality,79731,79730
125,contingency-tables,62173,62172
126,categorical-data,28210,28209
127,data-mining,19424,19423
128,fitting,,
129,t-test,26938,26937
130,interval,,
131,generalized-linear-model,18402,18401
132,discrete-data,28977,28976
133,continuous-data,63580,63579
135,statistical-significance,20260,20259
136,protovis,80769,80768
138,minimum,80431,80430
141,online,22100,22099
143,maximum,80472,80471
144,finance,64646,64645
147,variance,18602,18601
148,boosting,67588,67587
150,csv-file,66066,66065
152,application,,
157,random-effects-model,35289,35288
158,sample-size,50757,50756
159,estimation,20488,20487
160,least-squares,28226,28225
161,maximum-likelihood,28329,28328
162,spatial,64717,64716
169,method-of-moments,62698,62697
170,beta-binomial,63188,63187
171,logarithm,,
173,homogeneity,,
176,binomial,8944,8943
177,disease,,
179,entropy,68821,68820
182,unbalanced-classes,87259,87258
183,median,32759,32758
186,code,,
188,probability,20256,20255
194,proof,,
196,information-retrieval,,
197,monitoring,,
198,best-practices,,
200,mean,31779,31778
201,uncertainty,68576,68575
203,science,66382,66381
204,humor,,
206,bootstrap,28220,28219
207,robust,79721,79720
210,text-mining,28334,28333
211,mathematics,,
213,mathematical-statistics,33251,33250
215,aic,21859,21858
216,sas,19816,19815
217,pc-sas,,
218,feature-selection,33486,33485
219,cross-validation,28325,28324
220,equivalence,50292,50291
221,data-transformation,14288,14287
222,optimal-scaling,,
223,loss-functions,112518,112517
225,model-comparison,70908,70907
229,sem,16297,16296
231,econometrics,7381,7380
233,post-hoc,38878,38877
234,sphericity,76632,76631
235,within-subjects,,
236,bic,40843,40842
237,model-selection,3013,3012
240,e-m,18561,18560
241,intuition,,
243,svm,10765,10764
246,spss,6137,6136
249,randomness,,
250,software,63474,63473
251,image-processing,43068,43067
255,random-forest,63363,63362
256,factor-analysis,31983,31982
257,binary-data,32804,32803
260,censoring,66323,66322
262,search-theory,,
263,mixed-model,2417,2416
270,real-time,,
272,uniform,28273,28272
274,reliability,65033,65032
275,confidence-interval,18573,18572
276,credible-interval,,
278,mutual-information,,
280,degrees-of-freedom,65151,65150
281,multidimensional-scaling,38823,38822
283,chi-squared,20494,20493
284,multicollinearity,61833,61832
288,predictive-models,28216,28215
289,pareto-distribution,79440,79439
290,data-imputation,28270,28269
291,control-chart,,
294,roc,41309,41308
295,efficiency,20541,20540
296,likelihood-function,65149,65148
297,data-generating-process,,
299,permutation,61383,61382
300,combination,,
303,bioinformatics,62078,62077
304,careers,113470,113469
305,repeated-measures,21857,21856
306,parametric,,
307,stata,4037,4036
308,games,61388,61387
309,directional-statistics,73482,73481
310,moments,51631,51630
312,variability,,
313,link-function,37603,37602
319,stochastic-processes,65294,65293
320,wavelet,,
321,modeling,20264,20263
322,books,13030,13029
323,lasso,28900,28899
325,ridge-regression,79473,79472
328,odds-ratio,28305,28304
329,validation,64824,64823
332,funnel-plot,,
333,java,64391,64390
334,relative-risk,46725,46724
336,order-statistics,59373,59372
337,conditional-probability,63459,63458
338,predictor,32514,32513
340,python,8577,8576
341,compression,,
342,kullback-leibler,,
345,type-i-errors,65560,65559
346,type-ii-errors,65571,65570
347,terminology,65622,65621
348,smoothing,,
349,splines,65155,65154
351,z-statistic,,
353,small-sample,48003,48002
354,intraclass-correlation,67822,67821
355,aggregation,28280,28279
356,interpretation,28453,28452
357,effect-size,65139,65138
358,dynamic-regression,9861,9860
359,standard-error,28667,28666
361,negative-binomial,28266,28265
362,computational-statistics,69060,69059
363,computing,,
364,engineering-statistics,,
368,latex,80690,80689
369,plyr,80679,80678
373,networks,,
377,variance-covariance,63410,63409
378,matlab,17765,17764
379,experiment-design,50711,50710
380,genetic-algorithms,,
383,survival,33253,33252
384,hazard,47335,47334
386,power-analysis,28927,28926
387,gui,65823,65822
388,learning,,
389,point-process,,
390,cross-correlation,,
391,cohens-d,40915,40914
393,conferences,,
394,scale-invariance,,
396,partitioning,,
397,asymptotics,69301,69300
398,psychometrics,2601,2600
399,psychology,65742,65741
401,proportion,63404,63403
402,igraph,16367,16366
403,normalization,14282,14281
405,markov-process,28902,28901
406,association-measure,,
407,ordered-variables,,
409,meta-analysis,65137,65136
410,reproducible-research,,
411,sweave,80688,80687
412,journals,,
414,goodness-of-fit,64377,64376
416,truncation,,
419,cointegration,69311,69310
420,stationarity,62162,62161
421,exponential,68063,68062
422,particle-filter,,
423,kalman-filter,62164,62163
425,multivariate-analysis,21883,21882
427,missing-data,64221,64220
428,topologies,,
429,causal-inference,65141,65140
430,sampling,14121,14120
436,expected-value,28303,28302
437,fraud,,
438,metropolis-hastings,68977,68976
441,kurtosis,66542,66541
442,multinomial,28794,28793
443,cart,31288,31287
446,loess,63087,63086
447,curve-fitting,,
448,discontinuity,80394,80393
449,monte-carlo,15345,15344
451,ancova,21867,21866
452,philosophical,,
454,central-limit-theorem,65147,65146
455,approximation,,
459,rule-of-thumb,,
460,gpu,,
461,parallel-computing,,
462,likelihood-ratio,68614,68613
463,kolmogorov-smirnov,40435,40434
465,autocorrelation,61881,61880
467,panel-data,65135,65134
469,multilevel-analysis,33488,33487
471,rating,,
473,non-independent,92319,92318
476,precision-recall,,
478,job,,
480,microarray,,
481,survey,28411,28410
486,clinical-trials,35793,35792
488,latent-class,,
489,independence,62169,62168
490,basic-concepts,,
491,business-intelligence,,
492,information-theory,33729,33728
493,discriminant-analysis,31987,31986
494,frailty,,
495,dimensionality-reduction,40433,40432
497,project-management,,
498,latent-variable,68627,68626
499,matrix,65588,65587
501,quantiles,38344,38343
505,nonlinear-regression,8946,8945
507,inference,41299,41298
508,eda,14115,14114
509,heteroscedasticity,28259,28258
510,contrasts,,
516,log-linear,90804,90803
517,cross-section,68750,68749
518,dice,63299,63298
523,correspondence-analysis,99291,99290
525,big-list,9210,9209
529,normal-distribution,20486,20485
530,splus,80677,80676
531,instrumental-variables,68712,68711
532,mode,69052,69051
533,beta,40834,40833
534,histogram,40431,40430
537,empirical,,
538,excel,15654,15653
539,fractal,,
540,propensity-scores,15332,15331
541,large-data,55903,55902
546,biostatistics,63563,63562
550,genetics,64665,64664
551,referee,65511,65510
553,matplotlib,80776,80775
554,assumptions,28261,28260
556,multicore,,
557,tables,,
558,inter-rater,40523,40522
559,copula,62688,62687
560,jmp,65331,65330
562,dendrogram,79744,79743
563,boxplot,62404,62403
564,longitudinal,38880,38879
565,unbiased-estimator,28268,28267
567,updating,,
569,unsupervised-learning,58823,58822
571,yates-correction,,
572,barplot,63374,63373
574,quality-control,,
575,distance-functions,68621,68620
579,javascript,80774,80773
580,dataframe,63310,63309
585,c++,62885,62884
586,e1071,65323,65322
587,naive-bayes,86028,86027
589,random-generation,61386,61385
591,arima,28792,28791
592,intervention-analysis,28774,28773
594,gls,65337,65336
595,em-algorithm,62233,62232
596,prediction-limit,,
597,gibbs,62620,62619
599,failure,,
601,marginal,68824,68823
602,matrix-decomposition,,
603,svd,40438,40437
605,numerics,94287,94286
608,sql,80705,80704
616,graphical-model,,
617,manova,19849,19848
619,reinforcement-learning,90946,90945
620,recommender-system,66505,66504
621,optimization,28535,28534
622,stepwise-regression,65167,65166
623,lognormal,62166,62165
627,resources,,
628,fixed-effects-model,32711,32710
629,matrix-inverse,,
631,simulation,30438,30437
632,bugs,40521,40520
633,sign-test,,
634,wilcoxon,63406,63405
636,interaction,33484,33483
639,elastic-net,,
640,regularization,99598,99597
641,dlm,80780,80779
642,ggplot2,8362,8361
644,ranks,,
648,mgcv,65326,65325
652,history,18635,18634
653,calibration,70887,70886
656,descriptive-statistics,62322,62321
661,pls,93186,93185
663,rpart,28282,28281
667,error-propagation,68570,68569
668,spearman,62332,62331
669,bounds,,
672,shrinkage,,
673,optimal-stopping,,
675,resampling,65816,65815
676,extreme-value,35463,35462
685,bradley-terry-model,,
688,graph-theory,71183,71182
691,sums-of-squares,,
694,r-squared,47332,47331
697,split-plot,,
700,threshold,,
702,students-t,67080,67079
703,diagnostic,,
704,signal-detection,92489,92488
708,residuals,38342,38341
712,interactive-visualization,,
717,ranking,62160,62159
720,levenes-test,28278,28277
721,weighted-mean,62442,62441
722,deviance,67819,67818
725,odds,65328,65327
726,delta-method,10756,10755
730,weka,64374,64373
731,linear-model,28224,28223
732,trend,79086,79085
733,spatio-temporal,74031,74030
735,gnuplot,80778,80777
736,tukey-hsd,,
737,dirichlet-distribution,68540,68539
738,gamma-distribution,29148,29147
739,integral,,
740,mediation,65169,65168
741,moderator,,
742,multiple-regression,10273,10272
743,publication-bias,,
746,simpsons-paradox,,
748,white-noise,,
749,units,,
752,density-function,,
753,jags,29931,29930
754,fourier-transform,,
755,rotation,,
758,generative-models,,
759,nls,22111,22110
760,meta-regression,87546,87545
761,self-organizing-maps,,
762,stratification,,
764,errors-in-variables,79453,79452
765,web,,
769,lmer,28297,28296
770,state-space-models,,
771,chow-test,69108,69107
772,change-point,,
778,non-central,,
779,t-distribution,63090,63089
781,confounding,47317,47316
783,binning,63445,63444
785,average,41502,41501
786,non-response,,
787,max-margin,,
788,pivot,62936,62935
791,composite,,
793,zipf,,
796,churn,,
800,structural-change,,
801,functional-data-analysis,84223,84222
802,measurement-error,65145,65144
804,bias,40683,40682
805,ica,45196,45195
807,mixture,8842,8841
808,notation,50413,50412
809,kruskal-wallis,62406,62405
810,fisher,65209,65208
811,information,,
813,likert,30618,30617
816,pie-chart,,
820,granger-causality,68986,68985
823,decision-theory,,
825,gee,28241,28240
826,conjoint-analysis,57082,57081
827,function,,
828,matching,,
829,case-control-study,65339,65338
830,arma,40832,40831
831,rank-correlation,63426,63425
832,rapidminer,80782,80781
835,finite-population,,
839,lsa,25280,25279
840,index-decomposition,,
843,queueing,,
844,correlated-predictors,,
847,ab-test,21881,21880
849,interval-censoring,66321,66320
850,mathematica,9856,9855
851,profile-likelihood,,
854,scatterplot,62518,62517
855,importance,,
856,k-means,38517,38516
857,logrank,,
861,maximum-entropy,,
862,fuzzy-set,,
863,tobit-regression,68962,68961
865,cox-model,40440,40439
869,covariance,28929,28928
870,hotelling,,
873,gaussian-process,68411,68410
875,probit,37600,37599
877,education,,
881,path-model,,
883,weighted-sampling,,
885,mann-whitney-u-test,22275,22274
886,multivariate-regression,50297,50296
887,f-test,50528,50527
890,exponential-smoothing,47851,47850
892,observational-study,,
905,f-distribution,79438,79437
908,checking,,
911,distance,,
912,metric,67118,67117
913,biplot,81216,81215
914,rjags,65334,65333
915,repeatability,,
917,blocking,,
923,neuroimaging,,
924,bivariate,,
926,auc,40836,40835
927,glmnet,48858,48857
930,identifiability,,
934,nonparametric-bayes,65352,65351
936,sources,,
937,scoring,,
938,regression-coefficients,66456,66455
939,numpy,80695,80694
941,knowledge-discovery,,
942,bonferroni,60291,60290
943,binary,63413,63412
945,autoregressive,65143,65142
951,sequential-analysis,34386,34385
956,conditional-expectation,76941,76940
957,power-law,45325,45324
958,untagged,46787,46786
959,hypergeometric,63109,63108
960,zero-inflation,41459,41458
963,feature-construction,,
964,kappa,61113,61112
967,standardization,14286,14285
968,calc,13642,13641
969,random-matrix,,
970,amos,21865,21864
972,ward,,
973,curves,,
975,logistic,28327,28326
978,caret,45728,45727
979,lme,65020,65019
980,validity,41631,41630
983,rasch,34122,34121
985,irt,34124,34123
988,density,68903,68902
989,pmml,14609,14608
993,rejection-sampling,90223,90222
994,posterior,68971,68970
995,abc,40944,40943
1004,minitab,80709,80708
1006,natural-language,,
1009,centering,81338,81337
1010,quasi-monte-carlo,,
1011,macroeconomics,79213,79212
1013,randomization,,
1015,neweywest,,
1016,convergence,69281,69280
1017,lags,,
1018,model-based-clustering,,
1031,2sls,21879,21878
1033,group-differences,69285,69284
1036,reporting,,
1037,media,16420,16419
1039,prediction-interval,,
1040,trimmed-mean,63342,63341
1044,out-of-sample,,
1047,expectation-maximization,17909,17908
1048,gam,43801,43800
1049,nominal,81196,81195
1050,confirmatory-factor,38034,38033
1052,gbm,67590,67589
1054,anderson-darling,35251,35250
1055,latin-square,103651,103650
1057,treatment-effect,68892,68891
1058,c#,66841,66840
1061,synthetic-data,,
1064,google-spreadsheet,,
1068,suppressor,,
1069,partial,,
1070,partial-correlation,,
1071,references,36190,36189
1073,bayes-network,,
1074,wishart,,
1075,inverse-gamma,62913,62912
1077,pearson,65704,65703
1079,presentation,,
1080,consistency,28239,28238
1081,lars,47986,47985
1084,gis,68991,68990
1087,quasi-binomial,,
1094,hac,,
1095,generalized-least-squares,67813,67812
1096,residual-analysis,,
1097,linear-algebra,68780,68779
1098,parameterization,,
1100,elections,,
1101,coefficient-of-variation,,
1105,dummy-variables,,
1106,summations,,
1108,ensemble,,
1109,unit-root,80392,80391
1111,variogram,,
1114,quantile-regression,68537,68536
1116,minimum-variance,,
1124,piecewise-linear,,
1126,package,,
1129,life-expectancy,,
1130,demography,56102,56101
1132,phd,,
1133,academia,,
1134,canonical-correlation,72538,72537
1135,marketing,,
1136,performance,,
1137,forecast,,
1139,model,66443,66442
1140,scipy,80707,80706
1143,prediction,79083,79082
1147,polynomial,92270,92269
1149,weighted-regression,99341,99340
1150,glmer,65071,65070
1151,probability-inequalities,,
1154,mgf,41313,41312
1155,ecology,,
1156,spearman-rho,64948,64947
1157,paired-data,,
1158,association-rules,,
1159,statistical-learning,,
1160,multi-class,,
1161,segmentation,,
1166,frequency,80475,80474
1167,oversampling,,
1168,operations-research,21796,21795
1169,gini,,
1171,data-cleaning,47321,47320
1174,internet,66013,66012
1175,conjugate-prior,,
1177,euclidean,,
1178,conditioning,,
1180,method-comparison,,
1183,bernoulli-distribution,68535,68534
1184,geometric-distribution,62891,62890
1185,weibull,55645,55644
1186,gumbel,,
1187,winbugs,47936,47935
1190,umvue,,
1191,exponential-family,66521,66520
1198,similarities,,
1201,gradient-descent,,
1202,importance-sampling,79219,79218
1205,rms,62893,62892
1209,multiarmed-bandit,,
1211,sparse,67694,67693
1212,paradox,23848,23847
1213,libsvm,64735,64734
1214,social-science,,
1217,nlp,41311,41310
1218,database,66386,66385
1220,lorenz-curve,65508,65507
1221,geomarketing,,
1224,scikit-learn,24436,24435
1225,incidence-rate-ratio,,
1227,kaplan-meier,,
1230,statistical-control,,
1231,multiple-imputation,49035,49034
1232,risk,,
1233,point-estimation,80368,80367
1234,offset,71876,71875
1235,skewness,32012,32011
1239,communication,25853,25852
1240,ruby,66020,66019
1242,beta-regression,40845,40844
1243,bayes,68610,68609
1244,unit-information-prior,,
1246,big-data,44122,44121
1253,tolerance-interval,,
1254,confidence-distribution,,
1257,change-scores,92037,92036
1258,kernel-trick,,
1259,fiducial,27857,27856
1260,paired-comparisons,,
1262,dyadic-data,27149,27148
1264,geometry,,
1266,linear-dynamical-system,,
1267,spatial-interaction-model,,
1269,general-additive-model,,
1270,non-nested,,
1272,nested,,
1277,data-association,,
1278,dirichlet-process,,
1279,twin,,
1282,segmented-regression,,
1284,likelihood,65974,65973
1285,train,,
1287,na,,
1289,multilabel,,
1290,quasi-likelihood,67811,67810
1291,courses,,
1292,exploratory-analysis,,
1293,lm,63296,63295
1294,absolute-risk,63376,63375
1295,rare-events,103290,103289
1297,two-step-estimation,29830,29829
1299,eigenvalues,81698,81697
1302,poisson-process,,
1303,data-management,,
1304,hyperparameter,,
1305,z-test,79309,79308
1306,interarrival-time,,
1307,representative,,
1308,mad,30241,30240
1309,mse,30454,30453
1310,quadratic-form,,
1313,pitch-game,,
1319,mplus,80693,80692
1321,case-cohort,65318,65317
1322,social-network,38858,38857
1323,filter,,
1324,topic-models,,
1325,glmm,32458,32457
1327,rlm,65320,65319
1328,constrained-regression,,
1329,automatic-algorithms,,
1334,jackknife,38855,38854
1336,fuzzy,,
1338,mixed-effect,65172,65171
1339,climate,,
1343,gllamm,37551,37550
1344,sequence-analysis,34388,34387
1345,traminer,35244,35243
1347,adjustment,,
1356,qq-plot,38860,38859
1361,local-statistics,,
1362,var,35734,35733
1364,fdr,38851,38850
1368,perl,80685,80684
1371,arithmetic,,
1372,discussion,,
1373,nonlinear,,
1374,hierarchical-bayesian,37549,37548
1375,stan,54838,54837
1380,deming-regression,,
1381,pooling,,
1382,consulting,38473,38472
1384,error-in-variables,,
1386,coda,52881,52880
1388,capture-mark-recapture,49843,49842
1390,sentiment-analysis,,
1392,autoencoders,,
1395,estimators,68567,68566
1396,blue,40690,40689
1397,confidence,,
1398,sensitivity-analysis,40825,40824
1402,clustered-standard-errors,51609,51608
1403,bagging,,
1404,deep-learning,,
1405,deep-belief-networks,,
1406,politics,,
1412,quotation,,
1414,iid,44696,44695
1415,replication,,
1420,geostatistics,,
1421,arch,,
1423,gamm4,65305,65304
1424,crossover-study,44810,44809
1425,rocr,44824,44823
1428,fat-tails,45495,45494
1429,dependence,,
1431,determinant,,
1433,univariate,46133,46132
1435,pymc,46637,46636
1436,risk-difference,46727,46726
1437,nnt,46732,46731
1438,discriminant,,
1439,rbm,,
1444,value-of-information,47834,47833
1449,cv.glm,65309,65308
1451,average-precision,,
1453,generalized-moments,49005,49004
1454,gaussian-mixture,69007,69006
1455,growth-model,,
1457,vif,49116,49115
1458,programming,,
1460,ergodic,,
1462,ecm,77455,77454
1463,numerical-integration,68616,68615
1466,duan-smearing,49879,49878
1468,environmental-data,,
1469,non-inferiority,50294,50293
1471,compositional-data,,
1473,sandwich,86514,86513
1475,computer-vision,,
1477,imputation,,
1479,spectral-analysis,,
1480,growth-mixture-model,51550,51549
1482,cluster-sample,51602,51601
1483,self-study,51952,51951
1484,classification-tree,56647,56646
1485,heuristic,52549,52548
1486,cost-maximization,,
1487,poisson-regression,52547,52546
1488,mixed,,
1489,effects,,
1491,chemometrics,,
1493,timelines,,
1495,test-equating,54602,54601
1501,fishersexact,55972,55971
1502,mice,55697,55696
1503,qsar,56028,56027
1505,k-medoids,,
1510,valuation,,
1513,uninformative-prior,,
1515,penalized,,
1519,qualitative,,
1526,supervised-learning,,
1529,age,,
1530,non-stationary,62155,62154
1532,markov-chain,103049,103048
1534,double-blind,60287,60286
1537,benchmark,,
1540,variance-decomposition,,
1545,endogeneity,61120,61119
1548,regression-to-the-mean,,
1549,puzzle,61586,61585
1550,mfcc,,
1551,population-ecology,,
1552,specificity,62978,62977
1553,sensitivity,62980,62979
1554,underdispersion,67698,67697
1557,artificial-intelligence,,
1558,np,62701,62700
1560,joint-distribution,62343,62342
1561,starting-values,63421,63420
1562,recursive-model,,
1565,pivot-table,62934,62933
1567,underdetermined,63265,63264
1568,mcnemar-test,65535,65534
1569,subset,,
1570,planned-comparisons-test,,
1572,coefficient,,
1573,anosim,80671,80670
1577,coverage-probability,,
1579,overfitting,81363,81362
1580,lifetable,,
1581,polr,80681,80680
1582,error-message,64367,64366
1585,lme4,65303,65302
1587,eviews,64871,64870
1590,kendall-tau,64946,64945
1591,ronald-fisher,65076,65075
1592,fisher-information,69057,69056
1593,fisher-transform,64995,64994
1594,cholesky,,
1596,optimal,,
1597,covariate,66452,66451
1599,difference-in-difference,68668,68667
1600,musical-data-analysis,,
1601,rmr,81232,81231
1602,rhadoop,80667,80666
1603,theta-method,67809,67808
1604,chi-distribution,67110,67109
1605,fortran,67217,67216
1607,bernoulli-process,,
1609,down-sample,,
1610,competing-risks,,
1611,time-varying-covariate,76604,76603
1613,gwas,80669,80668
1614,heterogeneity,,
1615,variance-test,,
1616,beta-distribution,68561,68560
1619,sufficient-statistics,79198,79197
1620,pcoa,99045,99044
1623,population-average,68981,68980
1624,subject-specific,68979,68978
1625,clogit,69044,69043
1626,nlmer,69079,69078
1627,augmented-dickey-fuller,,
1628,nlme,69199,69198
1629,toeplitz,73839,73838
1634,combinatorics,69680,69679
1637,lrt,71400,71399
1638,random-walk,,
1640,singular,74455,74454
1643,dag,71181,71180
1644,exact-test,,
1645,counterbalancing,,
1646,ram,81234,81233
1647,php,71821,71820
1648,hierarchical,,
1649,inferential-statistics,,
1651,control,,
1653,continuous,73934,73933
1654,sample-mean,74428,74427
1656,hidden-markov-model,99539,99538
1658,dispersion,74430,74429
1659,impulse-response,72984,72983
1660,kernel-density-estimate,74457,74456
1661,ggplot,73890,73889
1662,gmm,73443,73442
1663,bayesian-network,,
1664,structure-learning,,
1665,bayesian-score,,
1666,convolution,,
1668,missing,,
1670,runs,79672,79671
1671,ode,,
1672,multivariate,,
1673,open-bugs,80661,80660
1674,confusion-matrix,,
1676,car.normal,80766,80765
1677,car,80665,80664
1678,geobugs,80663,80662
1679,ratio,,
1681,stacking,,
1684,nnet,80673,80672
1689,signed-rank-test,,
1696,cumulants,,
1697,martingale,,
1698,systematic,,
1699,neyman-pearson-lemma,,
1701,intercept,,
1703,vecm,,
1704,laplace-distribution,,
1706,partial-plot,,
1707,point-mass-at-zero,,
1708,clara,85832,85831
1710,gretl,85829,85828
1712,irls,,
1713,wlln,82619,82618
1714,radial-basis,,
1716,monotone-likelihood-ratio,,
1718,xorshift,85823,85822
1719,cauchy,,
1720,plm,,
1721,marginal-model,86337,86336
1723,semiparametric,86549,86548
1724,ordered-logit,86507,86506
1726,back-transformation,,
1728,tweedie-distribution,,
1733,moving-average,,
1735,regression-strategies,88969,88968
1736,percentage,,
1738,jeffreys-prior,,
1739,cochran-armitage-test,,
1740,test-for-trend,,
1744,message-passing,,
1745,variational-bayes,,
1746,kriging,,
1748,moving-window,,
1750,improper-probability,,
1752,f-statistic,,
1753,contextual-bandit,,
1754,vowpal-wabbit,,
1757,naive,,
1758,semi-supervised,,
1759,fractional-factorial,93050,93049
1760,disaggregation,,
1761,robust-standard-error,,
1763,poisson-binomial,93739,93738
1764,extremal-dependence,,
1765,explanatory,,
1766,choice,,
1768,probabilistic-programming,,
1769,mlogit,,
1770,flexmix,,
1772,agreement-statistics,,
1773,tost,96235,96234
1775,rayleigh,96219,96218
1777,accuracy,,
1779,familywise-error,,
1780,time-complexity,,
1783,high-dimensional,104826,104825
1784,parallel-analysis,97865,97864
1785,forestry,,
1786,age-period-cohort,,
1787,inverse-gaussian-distrib,99142,99141
1788,novelty-detection,,
1789,largest-value,,
1790,taguchi,,
1791,multiple-membership,100217,100216
1792,google-trends,,
1793,taylor-series,,
1794,edgeworth,,
1795,record-linkage,,
1796,noise,,
1797,breusch-pagan,,
1798,heavy-tailed,,
1800,clpc,102938,102937
1801,causality,,
1802,relabelling,,
1803,superiority,,
1804,apriori,,
1806,astronomy,,
1809,mixed-design,,
1810,circular-statistics,109442,109441
1812,cramers-v,,
1813,pac,,
1814,rademacher,,
1815,data-acquisition,,
1818,collecting-data,,
1819,manifold-learning,107659,107658
1820,hausman,107801,107800
1822,dunn-test,108053,108052
1825,latent-semantic-indexing,,
1826,nonparametric-density,,
1828,blup,,
1829,cochran-q,109367,109366
1830,in-sample,,
1831,explanatory-models,,
1835,concordance,,
1836,gambling,,
1837,canonical,,
1839,information-geometry,111165,111164
1841,personal-musings,,
1842,machine,,
1843,scalability,,
1844,run-length,,
1845,lilliefors,,
1847,mancova,,
1848,comorbidity,,
1849,gmmboost,112069,112068
1850,glmmlasso,112071,112070
1851,nonparametric-regression,,
1852,contrast,,
1853,cochran-mantel-haenszel,,
1854,pca-regression,,
1855,vector-fields,,
1856,visual-summary,,
1857,image,,
1858,stochastic-approximation,,
1859,ecdf,114058,114057
1860,gradient,,
1861,statsmodels,,
1862,interquartile,,
1863,range,,
1864,pharmacy,,
1865,roxygen2,,
1866,package-development,,
1867,generilzed-linear-model,,
1868,standard,,
1869,zero-inflated,,
